startup_name,tagline,detail_url,category,list_page,name_clean,name_clean_v2
Naio Technologies,Agricultural robots,https://www.frenchcleantech.com/company/categories/agriculture/profile/naio-technolgies-agricultural-robots.html,Agriculture (12),1,NAIO TECHNOLOGIES,NAIO TECHNOLOGIES
Ynsect,Insect biorefineries,https://www.frenchcleantech.com/company/categories/agriculture/profile/ynsect-insect-biorefineries.html,Agriculture (12),1,YNSECT,YNSECT
ITK,Technology serving agriculture,https://www.frenchcleantech.com/company/categories/agriculture/profile/itk-technology-serving-agriculture.html,Agriculture (12),1,ITK,ITK
Ecolacteo,Heat recovery systems for cooling units,https://www.frenchcleantech.com/company/categories/agriculture/profile/ecolacteo-heat-recovery-systems-for-cooling-units.html,Agriculture (12),1,ECOLACTEO,ECOLACTEO
Goëmar,Sustainable technologies for agriculture,https://www.frenchcleantech.com/company/categories/agriculture/profile/goemar-sustainable-technologies-for-agriculture.html,Agriculture (12),1,GOEMAR,GOEMAR
Novabiom,Miscanthus for renewable energy crops,https://www.frenchcleantech.com/company/categories/agriculture/profile/novabiom-miscanthus-for-renewable-energy-crops-and-profitable.html,Agriculture (12),2,NOVABIOM,NOVABIOM
Footways,Pesticide risk assessment & management,https://www.frenchcleantech.com/company/categories/agriculture/profile/footways-pesticide-risk-assessment-management.html,Agriculture (12),2,FOOTWAYS,FOOTWAYS
S3d convert,S3d convert animal fat into biofuel,https://www.frenchcleantech.com/company/categories/agriculture/profile/s3d-convert-animal-fat-into-electricity.html,Agriculture (12),2,S3D CONVERT,S3D CONVERT
Vegeplast,Green conception and manufacturing of bioplastics parts,https://www.frenchcleantech.com/company/categories/agriculture/profile/vegeplast-vegetable-based-bioplastic.html,Agriculture (12),2,VEGEPLAST,VEGEPLAST
Algieplus,Adding value to seaweed deposits,https://www.frenchcleantech.com/company/categories/agriculture/profile/algieplus-from-the-sea-to-the-hearth.html,Agriculture (12),2,ALGIEPLUS,ALGIEPLUS
Force-A,Diagnostic tool for agriculture,https://www.frenchcleantech.com/company/categories/agriculture/profile/force-a-diagnostic-tool-for-agriculture.html,Agriculture (12),3,FORCE A,FORCE A
Global Bioenergies,Isobutene bioproduction,https://www.frenchcleantech.com/company/categories/agriculture/profile/global-bioenergies-isobutene-bioproduction.html,Agriculture (12),3,GLOBAL BIOENERGIES,GLOBAL BIOENERGIES
Air Serenity,Indoor air purifier,https://www.frenchcleantech.com/company/categories/air-environment/profile/air-serenity-indoor-air-purifier.html,Air & Environment (29),1,AIR SERENITY,AIR SERENITY
Aria Technologies,European Leader in Atmospheric Environment,https://www.frenchcleantech.com/company/categories/air-environment/profile/aria-technologies-.html,Air & Environment (29),1,ARIA TECHNOLOGIES,ARIA TECHNOLOGIES
CTI,Ceramic membranes for liquid filtration,https://www.frenchcleantech.com/company/categories/air-environment/profile/cti-ceramic-membranes.html,Air & Environment (29),1,CTI,CTI
Hikob,Wireless sensor networks to power smart cities,https://www.frenchcleantech.com/company/categories/air-environment/profile/hikob-wireless-sensor-networks-for-a-smarter-road-network.html,Air & Environment (29),1,HIKOB,HIKOB
RayCreatis,3D energy simulation business solutions,https://www.frenchcleantech.com/company/categories/air-environment/profile/raycreatis-3d-energy-simulation-business-solutions.html,Air & Environment (29),1,RAYCREATIS,RAYCREATIS
Metnext,Weather risk management,https://www.frenchcleantech.com/company/categories/air-environment/profile/metnext-weather-risk-management.html,Air & Environment (29),2,METNEXT,METNEXT
Apilab,Biomonitoring through bees,https://www.frenchcleantech.com/company/categories/air-environment/profile/apilab-biomonitoring-through-bees.html,Air & Environment (29),2,APILAB,APILAB
Apix Technology,Multi-gas emissions analyzers,https://www.frenchcleantech.com/company/categories/air-environment/profile/apix-technology-multi-gas-emissions-analyzers.html,Air & Environment (29),2,APIX TECHNOLOGY,APIX TECHNOLOGY
NOVAD,"Treatment and decontamination of soils, water and air",https://www.frenchcleantech.com/company/categories/air-environment/profile/novad-treatment-and-decontamination-of-soils-water-and-air.html,Air & Environment (29),2,NOVAD,NOVAD
COOLEA,Fresh the air and save Energy,https://www.frenchcleantech.com/company/categories/air-environment/profile/coolea-fresh-the-air-and-save-energy.html,Air & Environment (29),2,COOLEA,COOLEA
CLEANEA,When water becomes detergents,https://www.frenchcleantech.com/company/categories/air-environment/profile/cleanea-when-water-becomes-detergents.html,Air & Environment (29),3,CLEANEA,CLEANEA
imaGeau,Real time management of subsurface resources,https://www.frenchcleantech.com/company/categories/air-environment/profile/imageau-real-time-management-of-subsurface-resources.html,Air & Environment (29),3,IMAGEAU,IMAGEAU
Quiet Oceans,Technology for sustainable oceans,https://www.frenchcleantech.com/company/categories/air-environment/profile/quiet-oceans-technology-for-sustainable-oceans.html,Air & Environment (29),3,QUIET OCEANS,QUIET OCEANS
Ethera,Indoor pollution diagnosis,https://www.frenchcleantech.com/company/categories/air-environment/profile/ethera-breathe-safely.html,Air & Environment (29),3,ETHERA,ETHERA
Environnement S.A,Instrumentation for environnement,https://www.frenchcleantech.com/company/categories/air-environment/profile/environnement-sa-instrumentation-for-environnement.html,Air & Environment (29),4,ENVIRONNEMENT S A,ENVIRONNEMENT SA
Sillages environnement,Environmental risks simulation,https://www.frenchcleantech.com/company/categories/air-environment/profile/sillages-environnement-environmental-risks-simulation.html,Air & Environment (29),4,SILLAGES ENVIRONNEMENT,SILLAGES ENVIRONNEMENT
Ivea,LIBS analysers for pollution control,https://www.frenchcleantech.com/company/categories/air-environment/profile/ivea-libs-for-pollution-control.html,Air & Environment (29),4,IVEA,IVEA
Eole Water,From Wind to water,https://www.frenchcleantech.com/company/categories/air-environment/profile/eole-water-from-wind-to-water.html,Air & Environment (29),4,EOLE WATER,EOLE WATER
Cairpol,City air pollution monitoring,https://www.frenchcleantech.com/company/categories/air-environment/profile/cairpol-city-air-pollution-monitoring.html,Air & Environment (29),4,CAIRPOL,CAIRPOL
Hydrelis,Water leak detection technology,https://www.frenchcleantech.com/company/categories/air-environment/profile/hydrelis-water-leak-detection-technology.html,Air & Environment (29),5,HYDRELIS,HYDRELIS
Brochier technologies,Photocatalytic pollution control solution,https://www.frenchcleantech.com/company/categories/air-environment/profile/brochier-technologies-photocatalytic-pollution-control-solution.html,Air & Environment (29),5,BROCHIER TECHNOLOGIES,BROCHIER TECHNOLOGIES
SP3H,A purer air,https://www.frenchcleantech.com/company/categories/air-environment/profile/sp3h-smart-on-board-fuel-sensor.html,Air & Environment (29),5,SP3H,SP3H
Leosphere,Optimise windmill efficiency,https://www.frenchcleantech.com/company/categories/air-environment/profile/leosphere-wind-lidar-for-wind-energy.html,Air & Environment (29),5,LEOSPHERE,LEOSPHERE
CNIM Group,Flue Gas Cleaning,https://www.frenchcleantech.com/company/categories/air-environment/profile/cnim-flue-gas-cleaning.html,Air & Environment (29),5,CNIM GROUP,CNIM GROUP
Climpact,Climate information technology,https://www.frenchcleantech.com/company/categories/air-environment/profile/climpact-climate-information-technology.html,Air & Environment (29),6,CLIMPACT,CLIMPACT
Neosens,Pure Sensor Solutions,https://www.frenchcleantech.com/company/categories/air-environment/profile/neosens-pure-sensor-solutions.html,Air & Environment (29),6,NEOSENS,NEOSENS
Ederna,Membrane contactors technology,https://www.frenchcleantech.com/company/categories/air-environment/profile/ederna-membrane-contactors-technology.html,Air & Environment (29),6,EDERNA,EDERNA
Eco-solution,Microalgae based fuels,https://www.frenchcleantech.com/company/categories/air-environment/profile/eco-solution-microalgae-based-fuels.html,Air & Environment (29),6,ECO SOLUTION,ECO SOLUTION
Estuaire,Mitigating the environmental impact of aviation,https://www.frenchcleantech.com/company/categories/energy-efficiency/profile/estuaire-mitigating-the-environmental-impact-of-aviation.html,Energy efficiency (83),1,ESTUAIRE,ESTUAIRE
Qualisteo,Smart metering system,https://www.frenchcleantech.com/company/categories/energy-efficiency/profile/qualisteo-smart-metering-system.html,Energy efficiency (83),1,QUALISTEO,QUALISTEO
Alpinov X,High environmental value cold,https://www.frenchcleantech.com/company/categories/energy-efficiency/profile/alpinov-x-high-environmental-value-cold.html,Energy efficiency (83),1,ALPINOV X,ALPINOV X
BeFC,Bioenzymatic Fuel Cells,https://www.frenchcleantech.com/company/categories/energy-efficiency/profile/befc-bioenzymatic-fuel-cells.html,Energy efficiency (83),1,BEFC,BEFC
Newheat,Renewable thermal energy,https://www.frenchcleantech.com/company/categories/energy-efficiency/profile/newheat-renewable-thermal-energy.html,Energy efficiency (83),1,NEWHEAT,NEWHEAT
Waga Energy,Innovative wasted gas energy recovery,https://www.frenchcleantech.com/company/categories/energy-efficiency/profile/waga-energy.html,Energy efficiency (83),2,WAGA ENERGY,WAGA ENERGY
EnobraQ,Specialist in CO2 capture and exploitation using yeast,https://www.frenchcleantech.com/company/categories/energy-efficiency/profile/enobraq-.html,Energy efficiency (83),2,ENOBRAQ,ENOBRAQ
Coldinnov,Cold production by thermochemical reaction,https://www.frenchcleantech.com/company/categories/energy-efficiency/profile/coldinnov-cold-production-by-thermochemical-reaction.html,Energy efficiency (83),2,COLDINNOV,COLDINNOV
Enerbee,Energy harvesting technology,https://www.frenchcleantech.com/company/categories/energy-efficiency/profile/enerbee-motion-based-energy-harvesters.html,Energy efficiency (83),2,ENERBEE,ENERBEE
Led's Chat,Smart & Interactive LED lighting systems,https://www.frenchcleantech.com/company/categories/energy-efficiency/profile/leds-chat-smart-interactive-led-lighting-systems.html,Energy efficiency (83),2,LED S CHAT,LED SCHAT
Stimergy,Digital boiler,https://www.frenchcleantech.com/company/categories/energy-efficiency/profile/stimenergy.html,Energy efficiency (83),3,STIMERGY,STIMERGY
Ledex,A revolution in LED,https://www.frenchcleantech.com/company/categories/energy-efficiency/profile/ledex-a-revolution-in-led.html,Energy efficiency (83),3,LEDEX,LEDEX
Echy,Clean indoor lighting,https://www.frenchcleantech.com/company/categories/energy-efficiency/profile/echy-clean-indoor-lighting.html,Energy efficiency (83),3,ECHY,ECHY
Armor Group,Beautiful light project,https://www.frenchcleantech.com/company/categories/energy-efficiency/profile/opv-technology.html,Energy efficiency (83),3,ARMOR GROUP,ARMOR GROUP
Kalray,Low-energy mullticore chips,https://www.frenchcleantech.com/company/categories/energy-efficiency/profile/kalray-low-energy-mullticore-chips.html,Energy efficiency (83),3,KALRAY,KALRAY
Enogia,Organic Rankine Cycle Turbine,https://www.frenchcleantech.com/company/categories/energy-efficiency/profile/enogia-organic-rankine-cycle-turbine.html,Energy efficiency (83),4,ENOGIA,ENOGIA
Aledia,A breakthrough for the led industry,https://www.frenchcleantech.com/company/categories/energy-efficiency/profile/aledia-a-breakthrough-for-the-led-industry.html,Energy efficiency (83),4,ALEDIA,ALEDIA
Otonome,Ecological solutions & concepts,https://www.frenchcleantech.com/company/categories/energy-efficiency/profile/otonome-ecological-solutions-concepts.html,Energy efficiency (83),4,OTONOME,OTONOME
Sunna Design,LED & Solar lighting solutions,https://www.frenchcleantech.com/company/categories/energy-efficiency/profile/sunna-design-led-solar-lighting-solutions.html,Energy efficiency (83),4,SUNNA DESIGN,SUNNA DESIGN
Intent Technologies,Infrastructure for smart housing and smart buildings,https://www.frenchcleantech.com/company/categories/energy-efficiency/profile/intent-technologies-operator-of-digital-infrastructure-for-smart.html,Energy efficiency (83),4,INTENT TECHNOLOGIES,INTENT TECHNOLOGIES
Qarnot Computing,Smart Green Processing,https://www.frenchcleantech.com/company/categories/energy-efficiency/profile/qarnot-computing-smart-green-processing.html,Energy efficiency (83),5,QARNOT COMPUTING,QARNOT COMPUTING
Aqylon,Power generation & Solar thermal heat,https://www.frenchcleantech.com/company/categories/energy-efficiency/profile/aqylyon-.html,Energy efficiency (83),5,AQYLON,AQYLON
Smart Impulse,Smarter metering,https://www.frenchcleantech.com/company/categories/energy-efficiency/profile/smart-impulse-smarter-metering.html,Energy efficiency (83),5,SMART IMPULSE,SMART IMPULSE
Espaciel,Light Deflector,https://www.frenchcleantech.com/company/categories/energy-efficiency/profile/espaciel-light-deflector.html,Energy efficiency (83),5,ESPACIEL,ESPACIEL
Teeo,Remote control system for water and electricity consumption,https://www.frenchcleantech.com/company/categories/energy-efficiency/profile/teeo-remote-control-system-for-water-and-electricity-consumption.html,Energy efficiency (83),6,TEEO,TEEO
MACC3,Innovative wall insulation,https://www.frenchcleantech.com/company/categories/energy-efficiency/profile/macc3-innovative-insulation-wall.html,Energy efficiency (83),6,MACC3,MACC3
Freemens,Preserve battery life,https://www.frenchcleantech.com/company/categories/energy-efficiency/profile/freemens-preserve-battey-life.html,Energy efficiency (83),6,FREEMENS,FREEMENS
AMS R&D,Active Membrane Systems,https://www.frenchcleantech.com/company/categories/energy-efficiency/profile/ams-rd-active-membrane-systems.html,Energy efficiency (83),6,AMS R D,AMS RD
Smartgrains,A smart wireless parking guidance solution,https://www.frenchcleantech.com/company/categories/energy-efficiency/profile/smartgrains-a-smart-wireless-parking-guidance-solution.html,Energy efficiency (83),7,SMARTGRAINS,SMARTGRAINS
TMC Innovation,Innovative LED lighting,https://www.frenchcleantech.com/company/categories/energy-efficiency/profile/tmc-innovation.html,Energy efficiency (83),7,TMC INNOVATION,TMC INNOVATION
Vesta System,Energy efficiency software,https://www.frenchcleantech.com/company/categories/energy-efficiency/profile/vesta-system-energy-efficiency-software.html,Energy efficiency (83),7,VESTA SYSTEM,VESTA SYSTEM
INAWA,Innovative CVT with high potential,https://www.frenchcleantech.com/company/categories/energy-efficiency/profile/inawa-innovative-cvt-with-high-potential.html,Energy efficiency (83),7,INAWA,INAWA
Actility,M2M and smart grid applications,https://www.frenchcleantech.com/company/categories/energy-efficiency/profile/actility-m2m-and-smart-grid-applications.html,Energy efficiency (83),8,ACTILITY,ACTILITY
STIRAL,Converting energy,https://www.frenchcleantech.com/company/categories/energy-efficiency/profile/stiral-converting-energy.html,Energy efficiency (83),8,STIRAL,STIRAL
IDEOL,Moving the wind energy offshore,https://www.frenchcleantech.com/company/categories/energy-efficiency/profile/ideol-moving-the-wind-energy-offshore.html,Energy efficiency (83),8,IDEOL,IDEOL
Splitted Desktop Systems,Low power computing,https://www.frenchcleantech.com/company/categories/energy-efficiency/profile/splitted-desktop-systems-low-power-computing.html,Energy efficiency (83),8,SPLITTED DESKTOP SYSTEMS,SPLITTED DESKTOP SYSTEMS
DDIS,Direct Drive Systems,https://www.frenchcleantech.com/company/categories/energy-efficiency/profile/ddis-60-direct-drive-systems.html,Energy efficiency (83),9,DDIS,DDIS
Docea Power,ESL solutions for low power design,https://www.frenchcleantech.com/company/categories/energy-efficiency/profile/docea-power-esl-solutions-for-low-power-design.html,Energy efficiency (83),9,DOCEA POWER,DOCEA POWER
Avob,The next step in Power Management,https://www.frenchcleantech.com/company/categories/energy-efficiency/profile/avob-the-next-step-in-power-management.html,Energy efficiency (83),9,AVOB,AVOB
Ennesys,Environemental Energy Systems,https://www.frenchcleantech.com/company/categories/energy-efficiency/profile/ennnesys-environemental-energy-systems.html,Energy efficiency (83),9,ENNESYS,ENNESYS
Wysips,The world’s first transparent photovoltaic film,https://www.frenchcleantech.com/company/categories/energy-efficiency/profile/wysips-the-worlds-first-transparent-photovoltaic-film.html,Energy efficiency (83),9,WYSIPS,WYSIPS
Enertime,leader of industrial thermodynamic machines,https://www.frenchcleantech.com/company/categories/energy-efficiency/profile/enertime.html,Energy efficiency (83),10,ENERTIME,ENERTIME
Effigenie,Managing energy consumption in buildings,https://www.frenchcleantech.com/company/categories/energy-efficiency/profile/effigenie-managing-energy-consumption-in-buildings.html,Energy efficiency (83),10,EFFIGENIE,EFFIGENIE
NG2,Less CO2 with PLUG shore power solution,https://www.frenchcleantech.com/company/categories/energy-efficiency/profile/ng2-plug-shore-power-solution.html,Energy efficiency (83),10,NG2,NG2
Soft4Energy,"Smart Power,Green Grid & Energy Storage",https://www.frenchcleantech.com/company/categories/energy-efficiency/profile/soft4energy-.html,Energy efficiency (83),10,SOFT4ENERGY,SOFT4ENERGY
Grid Pocket,Personal smart grid solutions,https://www.frenchcleantech.com/company/categories/energy-efficiency/profile/grid-pocket-personal-smart-grid-solutions.html,Energy efficiency (83),10,GRID POCKET,GRID POCKET
Ecomatic,Heating Baseboards,https://www.frenchcleantech.com/company/categories/energy-efficiency/profile/ecomatic.html,Energy efficiency (83),11,ECOMATIC,ECOMATIC
Neelogy,Innovative sensor technology,https://www.frenchcleantech.com/company/categories/energy-efficiency/profile/neelogy-breakthrough-technology-for-dc-current-sensor.html,Energy efficiency (83),11,NEELOGY,NEELOGY
Exoes,Sustainable heat & Power Engine,https://www.frenchcleantech.com/company/categories/energy-efficiency/profile/exoes-sustainable-heat-power-engine.html,Energy efficiency (83),11,EXOES,EXOES
MRCC Industries,The internal combustion revisited,https://www.frenchcleantech.com/company/categories/energy-efficiency/profile/mrcc-industries-the-internal-combustion-revisited.html,Energy efficiency (83),11,MRCC INDUSTRIES,MRCC INDUSTRIES
CETH,Innovative hydrogen production systems,https://www.frenchcleantech.com/company/categories/energy-efficiency/profile/ceth-innovating-hydrogen-production-systems.html,Energy efficiency (83),11,CETH,CETH
Cooltech,Magneto caloric cooling innovation,https://www.frenchcleantech.com/company/categories/energy-efficiency/profile/cooltech-magnetocaloric-cooling-innovation.html,Energy efficiency (83),12,COOLTECH,COOLTECH
Claranor,Ecological pulsed light sterilization,https://www.frenchcleantech.com/company/categories/energy-efficiency/profile/claranor-ecological-pulsed-light-sterilization.html,Energy efficiency (83),12,CLARANOR,CLARANOR
Entropy,Datacenter energy optimization,https://www.frenchcleantech.com/company/categories/energy-efficiency/profile/entropy-datacenter-energy-optimization.html,Energy efficiency (83),12,ENTROPY,ENTROPY
Sud Ecowatt,Innovative solar heating,https://www.frenchcleantech.com/company/categories/energy-efficiency/profile/sud-ecowall-innovative-solar-heating.html,Energy efficiency (83),12,SUD ECOWATT,SUD ECOWATT
Terra Nova Energy,Online energy intelligence,https://www.frenchcleantech.com/company/categories/energy-efficiency/profile/terra-nova-energy-online-energy-intelligence.html,Energy efficiency (83),12,TERRA NOVA ENERGY,TERRA NOVA ENERGY
MPPC,Maximize solar power systems,https://www.frenchcleantech.com/company/categories/energy-efficiency/profile/mppc-technology-maximises-solar-power-systems.html,Energy efficiency (83),13,MPPC,MPPC
Ewam,Competitiveness and environmental performance,https://www.frenchcleantech.com/company/categories/energy-efficiency/profile/ewam-competitiveness-environmental-performance.html,Energy efficiency (83),13,EWAM,EWAM
Voltalis,Smart grid technology,https://www.frenchcleantech.com/company/categories/energy-efficiency/profile/voltalis.html,Energy efficiency (83),13,VOLTALIS,VOLTALIS
EHW Research,Increase solar yield,https://www.frenchcleantech.com/company/categories/energy-efficiency/profile/ehw-research-increase-solar-yield.html,Energy efficiency (83),13,EHW RESEARCH,EHW RESEARCH
Enablon,Carbon management software,https://www.frenchcleantech.com/company/categories/energy-efficiency/profile/enablon-greenhouse-gas-management-software.html,Energy efficiency (83),14,ENABLON,ENABLON
Vizelia,Smart building solution,https://www.frenchcleantech.com/company/categories/energy-efficiency/profile/vizelia-green-building-solution-webcast.html,Energy efficiency (83),14,VIZELIA,VIZELIA
Green Ingenierie,Innovative insulating material,https://www.frenchcleantech.com/company/categories/energy-efficiency/profile/green-ingenierie-innovative-insulating-material.html,Energy efficiency (83),14,GREEN INGENIERIE,GREEN INGENIERIE
Tiempo,A breakthrough in green electronics,https://www.frenchcleantech.com/company/categories/energy-efficiency/profile/tiempo-a-breakthrough-in-green-electronics.html,Energy efficiency (83),14,TIEMPO,TIEMPO
MCE-5 Development,Fuel consumption reduction technology,https://www.frenchcleantech.com/company/categories/energy-efficiency/profile/mce-5-fuel-consumption-reduction-technology.html,Energy efficiency (83),14,MCE 5 DEVELOPMENT,MCE 5 DEVELOPMENT
Domelys,Recover heat on wastewater,https://www.frenchcleantech.com/company/categories/energy-efficiency/profile/domelys-recovers-heat-on-wastewater.html,Energy efficiency (83),15,DOMELYS,DOMELYS
Novéa energies,Innovative lamp combining solar and wind,https://www.frenchcleantech.com/company/categories/energy-efficiency/profile/novea-energy-an-innovative-lamp-combining-solar-and-wind.html,Energy efficiency (83),15,NOVEA ENERGIES,NOVEA ENERGIES
Watteco,Smart energy hardware and software solutions,https://www.frenchcleantech.com/company/categories/energy-efficiency/profile/watteco-smart-energy-hardware-and-software-solutions.html,Energy efficiency (83),16,WATTECO,WATTECO
Fondis,1st fireplace cleaner CO2 zero,https://www.frenchcleantech.com/company/categories/energy-efficiency/profile/fondis-the-1st-fireplace-cleaner-co2-zero.html,Energy efficiency (83),16,FONDIS,FONDIS
Opaly,Active solar envelope,https://www.frenchcleantech.com/company/categories/energy-efficiency/profile/opaly-active-solar-envelope-in-buildings.html,Energy efficiency (83),16,OPALY,OPALY
Kilowattsol,Solar resource expert,https://www.frenchcleantech.com/company/categories/energy-efficiency/profile/kilowattsol-solar-resource-expert.html,Energy efficiency (83),16,KILOWATTSOL,KILOWATTSOL
Minix,Reduce aircraft vortex and pollution,https://www.frenchcleantech.com/company/categories/energy-efficiency/profile/minix-reduces-aircraft-vortex-and-pollution.html,Energy efficiency (83),17,MINIX,MINIX
COGEBIO,Increase yield of biomass cogeneration,https://www.frenchcleantech.com/company/categories/energy-efficiency/profile/ecoren-increased-the-yield-of-biomass-cogeneration.html,Energy efficiency (83),17,COGEBIO,COGEBIO
Roctool,Innovative molding technologies,https://www.frenchcleantech.com/company/categories/energy-efficiency/profile/roctool-innovative-molding-technology.html,Energy efficiency (83),17,ROCTOOL,ROCTOOL
Spark Cleantech,Decarbonized Hydrogen,https://www.frenchcleantech.com/company/categories/energy-generation/profile/spark-cleantech-decarbonized-hydrogen.html,Energy generation (95),1,SPARK CLEANTECH,SPARK CLEANTECH
Sakowin,Green H2 production,https://www.frenchcleantech.com/company/categories/energy-generation/profile/sakowin-green-h2-production.html,Energy generation (95),1,SAKOWIN,SAKOWIN
Sweetch Energy,Breakthrough osmotic technology,https://www.frenchcleantech.com/company/categories/energy-generation/profile/sweetch-breakthrough-osmotic-technology.html,Energy generation (95),1,SWEETCH ENERGY,SWEETCH ENERGY
Lhyfe,Green hydrogen producer,https://www.frenchcleantech.com/company/categories/energy-generation/profile/lhyfe-green-hydrogen-producer.html,Energy generation (95),2,LHYFE,LHYFE
Saurea,Autonomous solar motor,https://www.frenchcleantech.com/company/categories/energy-generation/profile/saurea-autonomous-solar-motor.html,Energy generation (95),2,SAUREA,SAUREA
Hysilabs,the alternative hydrogen supply,https://www.frenchcleantech.com/company/categories/energy-generation/profile/hysilabs-the-alternative-hydrogen-supply.html,Energy generation (95),2,HYSILABS,HYSILABS
Comwatt,Manufacturer for self consumption boxes,https://www.frenchcleantech.com/company/categories/energy-generation/profile/comwatt-manufacturer-for-self-consumption-boxes.html,Energy generation (95),2,COMWATT,COMWATT
Blue Shark Power System,Hydro Kinetic Turbine,https://www.frenchcleantech.com/company/categories/energy-generation/profile/blue-shark-power-system-hydro-kinetic-turbine.html,Energy generation (95),3,BLUE SHARK POWER SYSTEM,BLUE SHARK POWER SYSTEM
Mini Green Power,High tech mini power plants,https://www.frenchcleantech.com/company/categories/energy-generation/profile/mini-green-power-high-tech-mini-power-plants.html,Energy generation (95),3,MINI GREEN POWER,MINI GREEN POWER
Steadysun,Solar production forecasting specialist,https://www.frenchcleantech.com/company/categories/energy-generation/profile/steadysun-solar-production-forecasting-specialist.html,Energy generation (95),3,STEADYSUN,STEADYSUN
Save innovations,Recover energy of low flow fluids,https://www.frenchcleantech.com/company/categories/energy-generation/profile/save-innovations-recover-energy-of-low-flow-fluids.html,Energy generation (95),4,SAVE INNOVATIONS,SAVE INNOVATIONS
Cornis,Blade inspection technology,https://www.frenchcleantech.com/company/categories/energy-generation/profile/cornis-blade-inspection-technology.html,Energy generation (95),4,CORNIS,CORNIS
BoostHeat,New boiler generation,https://www.frenchcleantech.com/company/categories/energy-generation/profile/boostheat-new-boiler-generation.html,Energy generation (95),4,BOOSTHEAT,BOOSTHEAT
Innovative Energy,Innovative wind turbine,https://www.frenchcleantech.com/company/categories/energy-generation/profile/innovative-energy-innovative-wind-turbine.html,Energy generation (95),4,INNOVATIVE ENERGY,INNOVATIVE ENERGY
Solaire 2G,Advanced hybrid solar PV-T system,https://www.frenchcleantech.com/company/categories/energy-generation/profile/solair2g-advanced-hybrid-solar-pv-t-system.html,Energy generation (95),5,SOLAIRE 2G,SOLAIRE 2G
Erneo,Direct drive permanent magnet generators,https://www.frenchcleantech.com/company/categories/energy-generation/profile/erneo-direct-drive-permanent-magnet-generators.html,Energy generation (95),5,ERNEO,ERNEO
Hydroquest,Hydrokinetic turbines for rivers and estuaries,https://www.frenchcleantech.com/company/categories/energy-generation/profile/hydroquest-hydrokinetic-turbines-for-rivers-and-estuaries.html,Energy generation (95),5,HYDROQUEST,HYDROQUEST
Disasolar,Flexible Innovative Solution,https://www.frenchcleantech.com/company/categories/energy-generation/profile/disasolar-flexible-innovative-solution.html,Energy generation (95),6,DISASOLAR,DISASOLAR
Nenuphar,Vertical axis wind turbine,https://www.frenchcleantech.com/company/categories/energy-generation/profile/nenuphar-vertical-axis-wind-turbine.html,Energy generation (95),6,NENUPHAR,NENUPHAR
Open Ocean,Marine energy consultancy,https://www.frenchcleantech.com/company/categories/energy-generation/profile/open-ocean-marine-energy-consultancy.html,Energy generation (95),6,OPEN OCEAN,OPEN OCEAN
Helioclim,Reversible solar air conditioning solutions,https://www.frenchcleantech.com/company/categories/energy-generation/profile/helioclim-reversible-solar-air-conditioning-solutions.html,Energy generation (95),6,HELIOCLIM,HELIOCLIM
ez-Wheel,Electric wheel solutions,https://www.frenchcleantech.com/company/categories/energy-generation/profile/ez-wheel-electric-wheel-solutions.html,Energy generation (95),7,EZ WHEEL,EZ WHEEL
Photofuel,Harnessing the energy of sunlight photons,https://www.frenchcleantech.com/company/categories/energy-generation/profile/photofuel-harnessing-the-energy-of-sunlight-photons.html,Energy generation (95),7,PHOTOFUEL,PHOTOFUEL
Biomethodes,"Integrated biotech, Renewable chemistry and energy",https://www.frenchcleantech.com/company/categories/energy-generation/profile/biomethodes-integrated-biotech-renewable-chemistry-and-energy.html,Energy generation (95),7,BIOMETHODES,BIOMETHODES
Greensystech,Micro energy system solution,https://www.frenchcleantech.com/company/categories/energy-generation/profile/greensystech-micro-energy-system-solution.html,Energy generation (95),7,GREENSYSTECH,GREENSYSTECH
Solar Euromed,Concentrated Solar Power Technology,https://www.frenchcleantech.com/company/categories/energy-generation/profile/solar-euromed-concentrated-solar-power-technology.html,Energy generation (95),8,SOLAR EUROMED,SOLAR EUROMED
Watt & Sea,Cruising hydrogenerator,https://www.frenchcleantech.com/company/categories/energy-generation/profile/watt-sea-cruising-hydrogenerator.html,Energy generation (95),8,WATT SEA,WATT SEA
Turbiwatt,Hydroelectric turbines for low waterflows,https://www.frenchcleantech.com/company/categories/energy-generation/profile/turbiwatt-hydroelectric-turbines-for-low-waterflows.html,Energy generation (95),8,TURBIWATT,TURBIWATT
Eco.cinetic,Innovative tidal turbine,https://www.frenchcleantech.com/company/categories/energy-generation/profile/ecocinetic-innovative-tidal-turbine.html,Energy generation (95),9,ECO CINETIC,ECO CINETIC
Eviagenics,From biotech to cleantech,https://www.frenchcleantech.com/company/categories/energy-generation/profile/eviagenics-.html,Energy generation (95),9,EVIAGENICS,EVIAGENICS
Mecamidi,Hydro Power expert,https://www.frenchcleantech.com/company/categories/energy-generation/profile/mecamidi-hydro-power-expert.html,Energy generation (95),9,MECAMIDI,MECAMIDI
SymbioFCell,Fuel cell systems solutions,https://www.frenchcleantech.com/company/categories/energy-generation/profile/symbiofcell-fuel-cell-systems-solutions.html,Energy generation (95),10,SYMBIOFCELL,SYMBIOFCELL
Heliotrop,High concentration PV modules,https://www.frenchcleantech.com/company/categories/energy-generation/profile/heliotrop-high-concentration-pv-modules.html,Energy generation (95),10,HELIOTROP,HELIOTROP
Aeolta,Vertical wind turbine,https://www.frenchcleantech.com/company/categories/energy-generation/profile/aeolta.html,Energy generation (95),10,AEOLTA,AEOLTA
Bulane,Zero carbon Gas solution,https://www.frenchcleantech.com/company/categories/energy-generation/profile/bulane-innovative-electrolysers.html,Energy generation (95),10,BULANE,BULANE
S'tile,Silicon wafers innovation for solar energy,https://www.frenchcleantech.com/company/categories/energy-generation/profile/stile-development-of-semiconductors-materials-for-solar-energy.html,Energy generation (95),11,S TILE,STILE
Emix,Silicon wafers for solar industries,https://www.frenchcleantech.com/company/categories/energy-generation/profile/emix-silicon-wafers-for-solar-industries.html,Energy generation (95),11,EMIX,EMIX
I-D Tech Environnement,Make electricity with wilk.,https://www.frenchcleantech.com/company/categories/energy-generation/profile/i-d-tech-environnement-make-electricity-with-wilk.html,Energy generation (95),11,I D TECH ENVIRONNEMENT,ID TECH ENVIRONNEMENT
Hybrid Energies,Producing spirulina from biogas emissions,https://www.frenchcleantech.com/company/categories/energy-generation/profile/hybrid-energies-producing-spirulina-from-biogas-emissions.html,Energy generation (95),12,HYBRID ENERGIES,HYBRID ENERGIES
Céole,Wind tower construction plants,https://www.frenchcleantech.com/company/categories/energy-generation/profile/ceole-wind-tower-construction-plants.html,Energy generation (95),12,CEOLE,CEOLE
2IDEA,Solar refrigerators & freezers,https://www.frenchcleantech.com/company/categories/energy-generation/profile/2idea-solar-refrigerators-freezers.html,Energy generation (95),12,2IDEA,2IDEA
Systovi,Innovative building integrated photovoltaïc,https://www.frenchcleantech.com/company/categories/energy-generation/profile/systovi-innovative-building-integrated-photovoltaic.html,Energy generation (95),13,SYSTOVI,SYSTOVI
Tecnisun,Vacuum tube solar,https://www.frenchcleantech.com/company/categories/energy-generation/profile/tecnisun-vacuum-tube-solar.html,Energy generation (95),13,TECNISUN,TECNISUN
Deinove,reinvent bioethanol,https://www.frenchcleantech.com/company/categories/energy-generation/profile/deinove-reinvents-bioethanol.html,Energy generation (95),13,DEINOVE,DEINOVE
Arveni,Autonomous energy generator,https://www.frenchcleantech.com/company/categories/energy-generation/profile/arveni-autonomous-energy-generator.html,Energy generation (95),14,ARVENI,ARVENI
PACMI,Microbial fuel cell technology,https://www.frenchcleantech.com/company/categories/energy-generation/profile/pacmi-microbial-fuel-cell-technology.html,Energy generation (95),14,PACMI,PACMI
Europlasma,Plasma torches technology,https://www.frenchcleantech.com/company/categories/energy-generation/profile/europlasma-plasma-torches-technology.html,Energy generation (95),14,EUROPLASMA,EUROPLASMA
Methaneva,Methanization & Biogas,https://www.frenchcleantech.com/company/categories/energy-generation/profile/methaneva-methanization-biogas.html,Energy generation (95),14,METHANEVA,METHANEVA
Exosun,Solar tracking specialist,https://www.frenchcleantech.com/company/categories/energy-generation/profile/exosun-solar-tracking-specialist.html,Energy generation (95),15,EXOSUN,EXOSUN
Robin Sun,Glass wall producing hot water,https://www.frenchcleantech.com/company/categories/energy-generation/profile/robin-sun-launches-solar-glazing.html,Energy generation (95),15,ROBIN SUN,ROBIN SUN
Sinovia,City lighting solution,https://www.frenchcleantech.com/company/categories/energy-generation/profile/sinovia-city-lighting-solution.html,Energy generation (95),15,SINOVIA,SINOVIA
Windcap energy,Aerocap tower,https://www.frenchcleantech.com/company/categories/energy-generation/profile/windcap-energy-aerocap-tower.html,Energy generation (95),16,WINDCAP ENERGY,WINDCAP ENERGY
Hiolles industries,A growing player in renewable energy,https://www.frenchcleantech.com/company/categories/energy-generation/profile/hiolles-industries-a-growing-player-in-renewable-energy.html,Energy generation (95),16,HIOLLES INDUSTRIES,HIOLLES INDUSTRIES
Olmix,A green refinery project,https://www.frenchcleantech.com/company/categories/energy-generation/profile/olmix-a-green-refinery-project.html,Energy generation (95),16,OLMIX,OLMIX
Shamash,Innovative microalgae research,https://www.frenchcleantech.com/company/categories/energy-generation/profile/shamash-innovative-microalgae-research.html,Energy generation (95),16,SHAMASH,SHAMASH
Akaeno,Leveraging wastewater,https://www.frenchcleantech.com/company/categories/energy-generation/profile/akaeno-biological-treatment-of-industrial-wastewater.html,Energy generation (95),16,AKAENO,AKAENO
Solaref,Solar ice fridge,https://www.frenchcleantech.com/company/categories/energy-generation/profile/solaref-solar-ice-fridge.html,Energy generation (95),17,SOLAREF,SOLAREF
Apple wind,The wind future,https://www.frenchcleantech.com/company/categories/energy-generation/profile/apple-wind-the-wind-future.html,Energy generation (95),17,APPLE WIND,APPLE WIND
Nheolis,A revolution in wind energy,https://www.frenchcleantech.com/company/categories/energy-generation/profile/nheolis-a-revolution-in-wind-energy.html,Energy generation (95),17,NHEOLIS,NHEOLIS
Bionersis,Biogas to electricity,https://www.frenchcleantech.com/company/categories/energy-generation/profile/bionersis-biogas-to-energy-solutions.html,Energy generation (95),17,BIONERSIS,BIONERSIS
Ceram Hyd,Hydrogen storage,https://www.frenchcleantech.com/company/categories/energy-generation/profile/ceram-hyd-hydrogen-storage.html,Energy generation (95),18,CERAM HYD,CERAM HYD
Solaire direct,First french solar utility,https://www.frenchcleantech.com/company/categories/energy-generation/profile/solaire-direct-first-french-solar-utility.html,Energy generation (95),18,SOLAIRE DIRECT,SOLAIRE DIRECT
Vergnet,Wind turbine manufacturer,https://www.frenchcleantech.com/company/categories/energy-generation/profile/vergnet-the-only-french-wind-turbine-manufacturer.html,Energy generation (95),18,VERGNET,VERGNET
Sabella,Marine energy solutions,https://www.frenchcleantech.com/company/categories/energy-generation/profile/sabella-marine-energy-solutions.html,Energy generation (95),18,SABELLA,SABELLA
Fermentalg,Ocean Green Energy,https://www.frenchcleantech.com/company/categories/energy-generation/profile/fermentalg-ocean-green-energy.html,Energy generation (95),19,FERMENTALG,FERMENTALG
Litelis,Gasification and treatment of piped odours,https://www.frenchcleantech.com/company/categories/energy-generation/profile/verite-bioenvironmental-technology.html,Energy generation (95),19,LITELIS,LITELIS
Biodiv-Wind,Fauna technology company,https://www.frenchcleantech.com/company/categories/energy-infrastructure/profile/biodiv-wind-fauna-technology-company.html,Energy infrastructure (22),1,BIODIV WIND,BIODIV WIND
Forcity,Smart City Software,https://www.frenchcleantech.com/company/categories/energy-infrastructure/profile/forcity-smart-city-software.html,Energy infrastructure (22),1,FORCITY,FORCITY
CoSMo Company,Complex Systems Modeling,https://www.frenchcleantech.com/company/categories/energy-infrastructure/profile/cosmo-company-complex-systems-modeling.html,Energy infrastructure (22),1,COSMO COMPANY,COSMO COMPANY
Rockmat,Foundation for rocky seabed,https://www.frenchcleantech.com/company/categories/energy-infrastructure/profile/rockmat-foundation-for-rocky-seabed.html,Energy infrastructure (22),2,ROCKMAT,ROCKMAT
Sylfen,Innovative hydrogen-based storage solutions,https://www.frenchcleantech.com/company/categories/energy-storage/profile/sylfen.html,Energy storage (27),1,SYLFEN,SYLFEN
Levisys,Levitation systems,https://www.frenchcleantech.com/company/categories/energy-storage/profile/levisys-levitation-systems.html,Energy storage (27),1,LEVISYS,LEVISYS
Electro Power Systems,Integrated storage solutions,https://www.frenchcleantech.com/company/categories/energy-storage/profile/electro-power-systems.html,Energy storage (27),1,ELECTRO POWER SYSTEMS,ELECTRO POWER SYSTEMS
Ergosup,High pressure hydrogen,https://www.frenchcleantech.com/company/categories/energy-storage/profile/ergosup-innovative-energy-and-conversion-stockage-method.html,Energy storage (27),1,ERGOSUP,ERGOSUP
Forsee Power,Battery system integrator,https://www.frenchcleantech.com/company/categories/energy-storage/profile/forsee-power-battery-system-integrator.html,Energy storage (27),1,FORSEE POWER,FORSEE POWER
NawaTechnologies,Supercapacitator electricity storage device,https://www.frenchcleantech.com/company/categories/energy-storage/profile/nawatechnologies-supercapacitator-electricity-storage-device.html,Energy storage (27),2,NAWATECHNOLOGIES,NAWATECHNOLOGIES
E4V,Energy storage,https://www.frenchcleantech.com/company/categories/energy-storage/profile/e4v-energy-storage.html,Energy storage (27),2,E4V,E4V
I-Ten,Innovative micro battery,https://www.frenchcleantech.com/company/categories/energy-storage/profile/i-ten-micro-thin-film-batteries.html,Energy storage (27),2,I TEN,ITEN
Ad-Venta,Solutions for high pressure gas applications,https://www.frenchcleantech.com/company/categories/energy-storage/profile/ad-venta-solutions-for-high-pressure-gas-applications.html,Energy storage (27),2,AD VENTA,AD VENTA
EV Tronic,Charging stations for electric vehicles,https://www.frenchcleantech.com/company/categories/energy-storage/profile/evtronic-charging-stations-for-electric-vehicles.html,Energy storage (27),2,EV TRONIC,EV TRONIC
Pragma Industries,Fuel cell hydrogen energy,https://www.frenchcleantech.com/company/categories/energy-storage/profile/pragma-industries.html,Energy storage (27),3,PRAGMA INDUSTRIES,PRAGMA INDUSTRIES
Accium,On-Chip Integration of High Energy Battery Management Systems,https://www.frenchcleantech.com/company/categories/energy-storage/profile/accium-on-chip-integration-of-high-energy-battery-management-sys.html,Energy storage (27),3,ACCIUM,ACCIUM
N-GHY,Fuel processors for fuel cells,https://www.frenchcleantech.com/company/categories/energy-storage/profile/n-ghy-hydrogen-technology-and-engineering.html,Energy storage (27),3,N GHY,NGHY
McPhy Energy,Solid-State hydrogen tank,https://www.frenchcleantech.com/company/categories/energy-storage/profile/mcphy-energy-solid-state-hydrogen-tank.html,Energy storage (27),4,MCPHY ENERGY,MCPHY ENERGY
Geogreen,Expert in CO2 geological storage,https://www.frenchcleantech.com/company/categories/energy-storage/profile/geogreen-expert-in-co2-transport-and-geological-storage.html,Energy storage (27),5,GEOGREEN,GEOGREEN
Kaplan Energy,Solar water heater,https://www.frenchcleantech.com/company/categories/energy-storage/profile/kaplan-energy-a-french-innovation-in-solar-water-heaters.html,Energy storage (27),5,KAPLAN ENERGY,KAPLAN ENERGY
Batscap,Lithium metal polymer battery,https://www.frenchcleantech.com/company/categories/energy-storage/profile/batscap-lithium-metal-polymer-battery.html,Energy storage (27),5,BATSCAP,BATSCAP
Vulkam,Amorphous metal,https://www.frenchcleantech.com/company/categories/manufacturing-industrial/profile/vulkam-revolutionize-metallurgy.html,Manufacturing / Industrial (15),1,VULKAM,VULKAM
Innobat,Green Building Future,https://www.frenchcleantech.com/company/categories/manufacturing-industrial/profile/innobat-green-builing-future.html,Manufacturing / Industrial (15),1,INNOBAT,INNOBAT
Processium,Process integration & technology,https://www.frenchcleantech.com/company/categories/manufacturing-industrial/profile/processium-process-integration-technology.html,Manufacturing / Industrial (15),1,PROCESSIUM,PROCESSIUM
Jet metal technologies,Clean coating technology,https://www.frenchcleantech.com/company/categories/manufacturing-industrial/profile/jet-metal-technologies-clean-coating-technology.html,Manufacturing / Industrial (15),2,JET METAL TECHNOLOGIES,JET METAL TECHNOLOGIES
JD Transbio,Bio degradable production pot,https://www.frenchcleantech.com/company/categories/manufacturing-industrial/profile/jd-transbio-bio-degradable-production-pot.html,Manufacturing / Industrial (15),3,JD TRANSBIO,JD TRANSBIO
Pylote,Innovative green particles,https://www.frenchcleantech.com/company/categories/manufacturing-industrial/profile/pylote-introduces-innovative-green-particles.html,Manufacturing / Industrial (15),3,PYLOTE,PYLOTE
Lactips,Thermoplastic pellets based on milk protein,https://www.frenchcleantech.com/company/categories/materials/profile/lactips-thermoplastic-pellets-based-on-milk-protein.html,Materials (38),1,LACTIPS,LACTIPS
Argilus,Clay plaster and ecological material,https://www.frenchcleantech.com/company/categories/materials/profile/argilus-clay-plaster-and-ecological-material.html,Materials (38),1,ARGILUS,ARGILUS
Biolie,Clean solvant-free enzyme,https://www.frenchcleantech.com/company/categories/materials/profile/biolie-clean-solvant-free-enzyme.html,Materials (38),1,BIOLIE,BIOLIE
Carbios,Green chemistry applied to polymers,https://www.frenchcleantech.com/company/categories/materials/profile/carbios-green-chemistry-applied-to-polymers.html,Materials (38),2,CARBIOS,CARBIOS
BT3 Technologies,Green chemistry,https://www.frenchcleantech.com/company/categories/materials/profile/bt3-technologies-green-chemistry.html,Materials (38),3,BT3 TECHNOLOGIES,BT3 TECHNOLOGIES
Biomiscanthus France,A breakthrough in bio plastic,https://www.frenchcleantech.com/company/categories/materials/profile/biomiscanthus-france-a-breakthrough-in-organic-the-plastics.html,Materials (38),3,BIOMISCANTHUS FRANCE,BIOMISCANTHUS FRANCE
Polymem,Membrane Manufacturer,https://www.frenchcleantech.com/company/categories/materials/profile/polymem-membrane-manufacturer.html,Materials (38),4,POLYMEM,POLYMEM
Seawax,Marine Coating made from natural ingredients,https://www.frenchcleantech.com/company/categories/materials/profile/seawax-marine-coating-made-from-natural-ingredients.html,Materials (38),4,SEAWAX,SEAWAX
Magpie Polymers,For metal capture and recycling,https://www.frenchcleantech.com/company/categories/materials/profile/magpie-polymers-for-metal-capture-and-recycling.html,Materials (38),5,MAGPIE POLYMERS,MAGPIE POLYMERS
Sphere,Sugarcane bioplastics,https://www.frenchcleantech.com/company/categories/materials/profile/sphere-group-biodegradable-garbage-and-green-waste-bags.html,Materials (38),5,SPHERE,SPHERE
PCAS,Innovative insulation material,https://www.frenchcleantech.com/company/categories/materials/profile/pcas-innovative-insulation-material.html,Materials (38),6,PCAS,PCAS
Taskeo,natural fiber car components,https://www.frenchcleantech.com/company/categories/materials/profile/taskeo-natural-fiber-car-components.html,Materials (38),6,TASKEO,TASKEO
Recupere Metals,Copper electrical wires from 100% recycled feedstock,https://www.frenchcleantech.com/company/categories/recycling-waste/profile/recupere-metals-copper-electrical-wires-from-100-recycled-feedst.html,Recycling & Waste (34),1,RECUPERE METALS,RECUPERE METALS
Recyc'elit,Recycle all type of complex textile,https://www.frenchcleantech.com/company/categories/recycling-waste/profile/recycelit-.html,Recycling & Waste (34),1,RECYC ELIT,RECYC ELIT
Mecaware,Battery recycling,https://www.frenchcleantech.com/company/categories/recycling-waste/profile/mecaware-battery-recycling.html,Recycling & Waste (34),1,MECAWARE,MECAWARE
Cy-Clope,Cigarette stub collector,https://www.frenchcleantech.com/company/categories/recycling-waste/profile/cy-clope-cigarette-stub-collector.html,Recycling & Waste (34),1,CY CLOPE,CY CLOPE
Neodyss,Creating value from wasted flare gas,https://www.frenchcleantech.com/company/categories/recycling-waste/profile/neodyss-creating-value-from-wasted-flare-gas.html,Recycling & Waste (34),2,NEODYSS,NEODYSS
Ecoslops,Innovative marine fuel oil recycling solution.,https://www.frenchcleantech.com/company/categories/recycling-waste/profile/ecoslops-recycle-ships-oily-waste.html,Recycling & Waste (34),2,ECOSLOPS,ECOSLOPS
Sedigate,Dredged sediments management,https://www.frenchcleantech.com/company/categories/recycling-waste/profile/sedigate-shore-management-of-dredged-sediments.html,Recycling & Waste (34),2,SEDIGATE,SEDIGATE
Terra Nova Metal,Print circuit board recycling,https://www.frenchcleantech.com/company/categories/recycling-waste/profile/terranova-metal-print-circuit-board-recylcling.html,Recycling & Waste (34),2,TERRA NOVA METAL,TERRA NOVA METAL
Innoveox,Supercritical Water Oxidation,https://www.frenchcleantech.com/company/categories/recycling-waste/profile/innoveox-supercritical-water-oxidation.html,Recycling & Waste (34),3,INNOVEOX,INNOVEOX
Trinov,Environmental waste management software,https://www.frenchcleantech.com/company/categories/recycling-waste/profile/trinov-environmental-waste-management-software.html,Recycling & Waste (34),3,TRINOV,TRINOV
Pyrum Innovations,Recycling process for used tires,https://www.frenchcleantech.com/company/categories/recycling-waste/profile/pyrum-innovations-tire-recycling.html,Recycling & Waste (34),3,PYRUM INNOVATIONS,PYRUM INNOVATIONS
Rhodia,Innovative process for recycling of rare earths,https://www.frenchcleantech.com/company/categories/recycling-waste/profile/rhodia-innovative-process-for-recycling-of-rare-earths.html,Recycling & Waste (34),4,RHODIA,RHODIA
Sorepla,A leader in reclamation plastic waste,https://www.frenchcleantech.com/company/categories/recycling-waste/profile/sorepla-a-leader-in-reclamation-plastic-waste.html,Recycling & Waste (34),4,SOREPLA,SOREPLA
Ecoceane,Ships for collecting waste and hydrocarbons,https://www.frenchcleantech.com/company/categories/recycling-waste/profile/ecoceane-ships-for-collecting-waste-and-hydrocarbons.html,Recycling & Waste (34),5,ECOCEANE,ECOCEANE
Envolure,Innovative effluent eco-analysis,https://www.frenchcleantech.com/company/categories/recycling-waste/profile/envolure-innovative-effluent-eco-analysis.html,Recycling & Waste (34),5,ENVOLURE,ENVOLURE
Stoc Environnement,Individual wastewater treatment,https://www.frenchcleantech.com/company/categories/recycling-waste/profile/stoc-environnement-individual-wastewater-treatment-innovations.html,Recycling & Waste (34),5,STOC ENVIRONNEMENT,STOC ENVIRONNEMENT
BH Environnement,Optimise waste collection,https://www.frenchcleantech.com/company/categories/recycling-waste/profile/bh-environnement-optimises-waste-collection.html,Recycling & Waste (34),6,BH ENVIRONNEMENT,BH ENVIRONNEMENT
CKFD,Innovative recycle cans system,https://www.frenchcleantech.com/company/categories/recycling-waste/profile/ckfd-innovative-recycle-cans-system.html,Recycling & Waste (34),6,CKFD,CKFD
VBC3000,Building with sewage,https://www.frenchcleantech.com/company/categories/recycling-waste/profile/vbc3000-building-with-sewage.html,Recycling & Waste (34),7,VBC3000,VBC3000
Pellenc Selective Technologies,Sorting machines,https://www.frenchcleantech.com/company/categories/recycling-waste/profile/pellenc-selective-technologies-sorting-machines.html,Recycling & Waste (34),7,PELLENC SELECTIVE TECHNOLOGIES,PELLENC SELECTIVE TECHNOLOGIES
Recupyl,Hazardous waste recycling,https://www.frenchcleantech.com/company/categories/recycling-waste/profile/recupyl-hazardous-waste-recycling.html,Recycling & Waste (34),7,RECUPYL,RECUPYL
Bluefins,Decarbonize ocean shipping with zero-emission,https://www.frenchcleantech.com/company/categories/transportation/profile/bluefins-decarbonize-ocean-shipping-with-zero-emission.html,Transportation (23),1,BLUEFINS,BLUEFINS
EMD,Electric Urban Cargo,https://www.frenchcleantech.com/company/categories/transportation/profile/emd-electric-urban-cargo.html,Transportation (23),1,EMD,EMD
Azure Trend,Yacht's one stop water solution.,https://www.frenchcleantech.com/company/categories/transportation/profile/azure-trend-yachts-one-stop-water-solution.html,Transportation (23),1,AZURE TREND,AZURE TREND
Xor Motors,Electric scooters,https://www.frenchcleantech.com/company/categories/transportation/profile/xor-motors-electric-scooters.html,Transportation (23),2,XOR MOTORS,XOR MOTORS
Advansolar,Solar electric mobility,https://www.frenchcleantech.com/company/categories/transportation/profile/advansolar-cyclo-solar-electric-bikes.html,Transportation (23),2,ADVANSOLAR,ADVANSOLAR
Sol’r,Green Solar airship,https://www.frenchcleantech.com/company/categories/transportation/profile/solr-solar-airship-from-insa-lyon.html,Transportation (23),4,SOL R,SOL R
Electravia,Driving the silence,https://www.frenchcleantech.com/company/categories/transportation/profile/electravia-driving-the-silence.html,Transportation (23),5,ELECTRAVIA,ELECTRAVIA
Courb C-Zen,A new automotive concept,https://www.frenchcleantech.com/company/categories/transportation/profile/courb-c-zen-a-new-automtive-concept.html,Transportation (23),5,COURB C ZEN,COURB CZEN
Kumulus,The water utility company of the future,https://www.frenchcleantech.com/company/categories/water-wastewater/profile/kumulus-the-water-utility-company-of-the-future.html,Water & Wastewater (36),1,KUMULUS,KUMULUS
Fruition Sciences,Precise water monitoring,https://www.frenchcleantech.com/company/categories/water-wastewater/profile/fruitition-sciences-precise-water-monitoring.html,Water & Wastewater (36),1,FRUITION SCIENCES,FRUITION SCIENCES
TMW,Clean Water Solutions,https://www.frenchcleantech.com/company/categories/water-wastewater/profile/tmw-clean-water-solutions.html,Water & Wastewater (36),2,TMW,TMW
Fluidion,Fluidic intelligence,https://www.frenchcleantech.com/company/categories/water-wastewater/profile/fluidion.html,Water & Wastewater (36),2,FLUIDION,FLUIDION
Circeo Partners,Rainwater harvesting,https://www.frenchcleantech.com/company/categories/water-wastewater/profile/circeo-partners-rainwater-harvesting.html,Water & Wastewater (36),3,CIRCEO PARTNERS,CIRCEO PARTNERS
Loïra,Removal of xenobiotics present in waters,https://www.frenchcleantech.com/company/categories/water-wastewater/profile/loira-photochemical-process-to-remove-xenobiotics.html,Water & Wastewater (36),3,LOIRA,LOIRA
Ubertone,Ultrasonic measurement instruments,https://www.frenchcleantech.com/company/categories/water-wastewater/profile/ubertone-ultrasonic-measurement-instruments.html,Water & Wastewater (36),4,UBERTONE,UBERTONE
Phytorestore,Filtering gardens,https://www.frenchcleantech.com/company/categories/water-wastewater/profile/phytorestore-filtering-gardens.html,Water & Wastewater (36),5,PHYTORESTORE,PHYTORESTORE
L'Eau Pure,Water treatment solutions,https://www.frenchcleantech.com/company/categories/water-wastewater/profile/leau-pure-water-treatment-solutions.html,Water & Wastewater (36),5,L EAU PURE,LEAU PURE
Technavox,Catalytic ozonation,https://www.frenchcleantech.com/company/categories/water-wastewater/profile/technavox-catalytic-ozonation.html,Water & Wastewater (36),6,TECHNAVOX,TECHNAVOX
Bio-uv,Ultraviolet water treatment,https://www.frenchcleantech.com/company/categories/water-wastewater/profile/bio-uv-ultraviolet-water-treatment.html,Water & Wastewater (36),7,BIO UV,BIO UV
3MW,Desalinisation & Demineralization,https://www.frenchcleantech.com/company/categories/water-wastewater/profile/3mw-sea-water-desalination-technology.html,Water & Wastewater (36),7,3MW,3MW
RC-Lux,Water treatment system,https://www.frenchcleantech.com/company/categories/water-wastewater/profile/rc-lux-water-treatment-system.html,Water & Wastewater (36),8,RC LUX,RC LUX
